llama8b: [['N/A/SP'], ['Murici/AL'], ['Campinas/SP'], ['Araraquara/SP'], ['Mogi Guacu/SP'], ['Varzea/PE'], ['Espirito Santo/ES'], ['Mogi Guacu/SP'], ['Martinho Prado/SP'], ['Ribeirao Preto/SP'], ['Belem/PA'], ['Araraquara/SP'], ['Mogi Guacu/SP'], ['Rifaina/SP'], ['Lavras/MG'], ['Ibate/SP'], ['N/A/SP'], ['Campinas/SP'], ['Anapolis/GO'], ['N/A/SP'], ['Pocos De Caldas/MG'], ['Ribeirao Preto/SP'], ['Araraquara/SP'], ['Londrina/PR'], ['Manaus/AM'], ['Piracicaba/SP'], ['Sao Carlos/SP'], ['Mogi Guacu/SP'], ['Ribeirao Preto/SP'], ['Cunha/SP'], ['Campinas/SP'], ['Manaus/AM'], ['Itirapina/SP'], ['Recife/PE'], ['Mogi Guacu/SP'], ['Sao Sebastiao Da Posse/BA'], ['N/A/ES'], ['Uruuca/BA'], ['Rio de Janeiro/RI'], ['Santarem/PA'], ['N/A/SP'], ['Manaus/AM'], ['Sao Paulo/SP'], ['N/A/CE'], ['N/A/ES'], ['Sao Carlos/SP'], ['Mogi Guacu/SP'], ['Teodoro Sampaio/SP'], ['Espirito Santo/ES'], ['Ribeirao Preto/SP'], ['Araraquara/SP'], ['Campinas/SP'], ['Sao Miguel Arcanjo/SP'], ['Mogi Guacu/SP']]
qwen14b: [['Sao Paulo/SP'], ['Murici/AL'], ['Campinas/SP'], ['Araraquara/SP'], ['Mogi Guacu/SP'], ['Varzea/PE'], ['Vitoria/ES'], ['Mogi Guacu/SP'], ['Martinopolis/SP'], ['N/A/ES'], ['Belem/PA'], ['Araraquara/SP'], ['Mogi Guacu/SP'], ['Rifaina/SP'], ['Lavras/MG'], ['Ibate/SP'], ['N/A/ES'], ['Campinas/SP'], ['Anapolis/GO'], ['Sao Paulo/SP'], ['Pocos De Caldas/MG'], ['Manaus/AM'], ['Araraquara/SP'], ['Londrina/PR'], ['Belem/PA'], ['Piracicaba/SP'], ['Sao Carlos/SP'], ['Mogi Guacu/SP'], ['Ribeirao Preto/SP'], ['Cunha/SP'], ['Campinas/SP'], ['Manaus/AM'], ['Itirape/SP'], ['Recife/PE'], ['Mogi Guacu/SP'], ['Sao Sebastiao Da Posse/BA'], ['Araraquara/SP'], ['Uruaca/BA'], ['Rio De Janeiro/ES'], ['Santarem/PA'], ['Pirenopolis/GO'], ['Manaus/AM'], ['Sao Paulo/SP'], ['N/A/ES'], ['Catalac/GO'], ['Sao Carlos/SP'], ['Mogi Guacu/SP'], ['Teodoro Sampaio/SP'], ['Vitoria/ES'], ['Ribeirao Preto/SP'], ['Araraquara/SP'], ['Campinas/SP'], ['Sao Miguel Arcanjo/SP'], ['Mogi Guacu/SP']]
phi14b: [['Sao Paulo/SP'], ['Murici/AL'], ['Campinas/SP'], ['Aararaquara/SP'], ['Mogi Guacu/SP'], ['Varzea/PE'], ['Ibirama/SC'], ['Mogi Guacu/SP'], ['Martinho Prado/SP'], ['Ibirama/SC'], ['Belem/PA'], ['Araraquara/SP'], ['Mogi Guacu/SP'], ['Ribeirao Preto/SP'], ['Lavras/MG'], ['Ibate/SP'], ['N/A/ES'], ['Campinas/SP'], ['Anapolis/GO'], ['Sao Paulo/SP'], ['Pocos De Caldas/MG'], ['Ribeirao Preto/SP'], ['Araraquara/SP'], ['Londrina/PR'], ['Mocambo/AM'], ['Piracicaba/SP'], ['Sao Carlos/SP'], ['Mogi Guacu/SP'], ['N/A/SP'], ['Cunha/SP'], ['Campinas/SP'], ['Manaus/AM'], ['Itirapina/SP'], ['Recife/PE'], ['Mogi Guacu/SP'], ['Sao Sebastiao/SP'], ['N/A/SP'], ['Uruuca/BA'], ['Rio de Janeiro/ RJ'], ['Santarem/PA'], ['Pirenopolis/GO'], ['Manaus/AM'], ['Sao Paulo/SP'], ['Ibirama/SC'], ['Sao Carlos/SP'], ['Sao Carlos/SP'], ['Mogi Guacu/SP'], ['Teodoro Sampaio/SP'], ['Ibirama/SC'], ['Ribeirao Preto/SP'], ['Sao Paulo/SP'], ['Campinas/SP'], ['Sao Miguel Arcanjo/SP'], ['Mogi Guacu/SP']]
