llama8b: [['Ribeirao Preto/SP'], ['N/A/SP'], ['Pantanal/MS'], ['Piranopolis/ES'], ['Pocos De Caldas/MG'], ['N/A/SP, Rio Claro/SP'], ['Sao Carlos/SP', 'Vicosa/MG'], ['Campinas/SP'], ['Ibate/SP'], ['Araraquara/SP'], ['Mogi Guacu/SP'], ['Aaraquara/SP'], ['Mogi Guacu/SP'], ['Iguape/SP'], ['Varzea/PE'], ['Araraquara/SP'], ['N/A/ES'], ['Mogi Guacu/SP'], ['Martinho Prado/SP'], ['Araraquara/SP'], ['Ribeirao Preto/SP', 'N/A/PE'], ['Peruibe/SP'], ['Apore/GO'], ['Sao Paulo/SP'], ['Sao Paulo/SP'], ['N/A/Minas Gerais'], ['Lavras/MG'], [''], ['Ribeirao Preto/SP'], [''], ['Araraquara/SP'], ['N/A/ES'], ['Pocos De Caldas/MG'], ['Ressacada/SC'], ['Araraquara/SP'], ['Poços De Caldas/MG'], ['Pocos De Caldas/MG'], ['Mogi Guacu/SP'], ['Rifania/SP'], ['Lavras/MG'], ['Ibate/SP'], [''], ['Araraquara/SP'], ['Mogi Guacu/SP'], ['N/A/AM', 'N/A/AM', 'N/A/AM, Itacoatiara/AM'], ['Corumba/MS'], ['Vicosa/MG'], ['Ibirama/SC'], ['N/A/PA'], ['Campinas/SP'], ['Itacoatiara/AM'], ['Anapolis/GO'], ['Teodoro Sampaio/SP', 'N/A/SP, Manaus/AM'], ['Ibate/SP'], ['Araraquara/SP'], ['N/A/SP'], ['Pocos De Caldas/MG'], ['Belem/PA'], ['Ribeirao Preto/SP'], ['Araraquara/SP'], ['Londrina/PR'], ['N/A/AM'], ['Piracicaba/SP'], ['Araraquara/SP'], ['Sao Carlos/SP'], ['Belem/PA'], ['N/A/ES'], ['Mogi Guacu/SP'], ['Piper solmsianum/SP'], ['Ribeirao Preto/SP'], ['Cunha/SP'], ['Campinas/SP'], ['Manaus/AM'], ['Ibirama/SP'], [''], ['Recife/PE'], ['Ibirama/SC'], ['Mogi Guacu/SP'], ['Goiania/GO'], [''], ['Rio Claro/SP'], ['Mogi Guacu/SP'], ['Araraquara/SP'], ['Igarape-Agu/PA'], ['Sao Sebastiao da Posse/SP'], ['Araraquara/SP'], ['Uruuca/BA'], ['Rio de Janeiro/AM'], ['Belem/PA'], ['Santarem/PA'], ['Campinas/SP'], [''], ['Tucson/Arizona', 'Aarripe/CE'], ['Pocos De Caldas/MG'], ['N/A/GO, Rio Verde/GO'], ['Ribeirao Preto/SP'], ['Manaus/AM'], [''], ['Sao Paulo/SP'], ['N/A/CE'], ['N/A/ES', 'N/A/ES, Lonchocarpus atropurpureus'], ['Sao Carlos/SP', 'N/A/SP, Cedrela fissilis'], ['Ribeirao Preto/SP', 'N/A/MS'], ['Mogi Guacu/SP'], ['Sao Paulo/SP'], ['Teodoro Sampaio/SP'], ['Espirito Santo/ES'], ['Ribeirao Preto/SP'], ['Araraquara/SP'], ['Pirenopolis/GO'], ['Campinas/SP'], ['Sao Miguel Arcanjo/SP'], ['Araraquara/SP'], ['Mogi Guacu/SP']]
phi14b: [['Ribeirao Preto/SP'], ['Sao Paulo/SP'], ['N/A/MS'], ['N/A/CE'], ['Pocos De/AL'], ['N/A/ES'], ['Sao Carlos/SP', 'N/A/ES'], ['N/A/SP'], ['Sao Paulo/SP', 'Ibate/SP'], ['Mogi Guacu/SP'], ['Mogi Guacu/SP'], ['N/A/SP'], ['Mogi Guacu/SP'], ['Iguape/SP'], ['Varzea/PE'], ['Sao Paulo/SP'], ['N/A/ES'], ['Mogi Guacu/SP'], ['N/A/SP'], ['Araraquara/SP', 'Araraquara/SP'], ['N/A/AM'], ['Peruibe/SP'], ['Apore/GO'], ['Sao Paulo/SP'], ['Sao Paulo/SP'], ['Mogi Guacu/MG'], ['N/A/ES'], ['N/A/ES', 'N/A/ES'], ['Ibirama/SC'], ['N/A/Minas Gerais'], ['Araraquara/SP'], ['N/A/ES'], ['N/A/ES'], ['Ibirama/SC'], ['Araraquara/SP'], ['Poços De Caldas/MG'], ['Mogi Guacu/SP'], ['Mogi Guacu/SP'], ['Rifaina/SP'], ['Lavras/MG'], ['Ibate/SP'], ['N/A/CE'], ['Araraquara/SP'], ['Mogi Guacu/SP'], ['N/A/ES', 'N/A/ES'], ['Corumba/MS'], ['N/A/ES'], ['Ibirama/SC'], ['N/A/PA'], ['N/A/SP'], ['Itacoatiara/AM'], ['Anapolis/GO'], ['N/A/SP', 'N/A/AM'], ['Ibate/SP'], ['N/A/AM'], ['Sao Paulo/SP'], ['Pocos De Caldas/MG'], ['N/A/PA'], ['N/A/ES'], ['Araraquara/SP'], ['N/A/PR'], ['N/A/AM'], ['Piracicaba/SP'], ['Araraquara/SP'], ['Sao Carlos/SP'], ['N/A/PA'], ['N/A/Minas Gerais'], ['Mogi Guacu/SP'], ['N/A/ES'], ['Ribeirao Preto/SP'], ['Cunha/SP'], ['N/A/SP'], ['Manaus/AM'], ['Ibirama/SC'], ['N/A/ES'], ['Recife/PE'], ['Ibirama/SC'], ['Mogi Guacu/SP'], ['Goiania/GO'], ['N/A/ES'], ['Rio Claro/SP'], ['Mogi Guacu/SP'], ['N/A/ES'], ['Igarape/AM'], ['Ibirama/SC'], ['N/A/ES'], ['Uruuca/BA'], ['Rio de Janeiro/RRJ'], ['N/A/PA'], ['Santarem/PA'], ['Campinas/SP'], ['Pocos De Caldas/MG'], ['Araripe/CE'], ['N/A/CE'], ['Rio Verde/GO'], ['Ribeirao Preto/SP'], ['Manaus/AM'], ['Ibirama/SC'], ['Sao Paulo/SP'], ['Pocos De Caldas/MG'], ['Pocos De Caldas/MG', 'Pocos De Caldas/MG, Lonchocarpus atropurpureus'], ['N/A/SP', 'Sao Carlos/SP'], ['Ribeirao Preto/SP', 'N/A/MS'], ['Mogi Guacu/SP'], ['Sao Paulo/SP'], ['N/A/SP'], ['N/A/ES'], ['N/A/ES'], ['N/A/ES'], ['Pirenopolis/GO'], ['Campinas/SP'], ['Sao Miguel Arcanjo/SP'], ['Araraquara/SP', 'Manaus/AM'], ['Mogi Guacu/SP']]
qwen14b: [['Ribeirao Preto/SP'], ['Sao Miguel Arcanjo/SP'], ['N/A/MS'], ['Pocos De Caldas/MG'], ['Murici/AL'], ['Rio Claro/SP'], ['Sao Carlos/SP'], ['Campinas/SP'], ['Sao Paulo/SP'], ['Araraquara/SP'], ['Mogi Guacu/SP'], ['Araraquara/SP'], ['Mogi Guacu/SP'], ['Iguape/SP'], ['N/A/PE'], ['Sao Paulo/SP'], ['N/A/ES'], ['Mogi Guacu/SP'], ['Martinho Prado/SP'], ['Araraquara/SP'], ['N/A/SP'], ['Peruibe/SP'], ['Apore/GO'], ['Sao Paulo/SP'], ['Sao Paulo/SP'], ['Pocos De Caldas/MG'], ['N/A/SP'], ['N/A/ES'], ['N/A/SP'], ['Mogi Guacu/SP'], ['Araraquara/SP'], ['N/A/ES'], ['Sao Miguel Arcanjo/SP'], ['Ibirama/SC'], ['Araraquara/SP'], ['Pocos De Caldas/MG'], ['Araraquara/SP'], ['Mogi Guacu/SP'], ['Rifaina/SP'], ['Lavras/MG'], ['Ibate/SP'], ['N/A/SP'], ['Sao Miguel Arcanjo/SP'], ['Mogi Guacu/SP'], ['N/A/AM', 'N/A/AM'], ['Corumbatai/MS'], ['Vicosa/MG'], ['N/A/SC'], ['Belem/PA'], ['Campinas/SP'], ['Itacoatiara/AM'], ['Anapolis/GO'], ['Teodoro Sampaio/SP'], ['Ibate/SP'], ['N/A/AM'], ['Sao Miguel Arcanjo/SP'], ['Pocos De Caldas/MG'], ['N/A/PA'], ['N/A/SP'], ['Araraquara/SP'], ['Londrina/PR'], ['N/A/AM'], ['Piracicaba/SP'], ['Araraquara/SP'], ['Sao Carlos/SP'], ['Belém/PA'], ['Mogi Guacu/SP'], ['Mogi Guacu/SP'], ['N/A/SP'], ['Ribeirao Preto/SP'], ['Cunha/SP'], ['Campinas/SP'], ['N/A/AM'], ['Ibirama/SP'], ['N/A/ES'], ['Recife/PE'], ['Ibirama/SC'], ['Mogi Guacu/SP'], ['Goiania/GO'], ['N/A/SP'], ['Rio Claro/SP'], ['Mogi Guacu/SP'], ['N/A/ES'], ['N/A/PA'], ['N/A/BA'], ['Araraquara/SP'], ['N/A/BA'], ['Rio de Janeiro/SP'], ['Belém/PA'], ['Santarem/PA'], ['Sao Miguel Arcanjo/SP'], ['Pocos De Caldas/MG'], ['Araraquara/SP'], ['Sao Carlos/SP'], ['Rio Verde/GO'], ['Ribeirao Preto/SP'], ['N/A/AM'], ['Sao Miguel Arcanjo/SP'], ['Sao Paulo/SP'], ['N/A/CE'], ['Pocos De Caldas/MG'], ['N/A/SP, Cedrela fissilis', 'Sao Carlos/SP'], ['Ribeirao Preto/SP', 'N/A/MS'], ['Mogi Guacu/SP'], ['Sao Paulo/SP'], ['Teodoro Sampaio/SP'], ['N/A/ES'], ['Ribeirao Preto/SP'], ['Sao Miguel Arcanjo/SP'], ['Pirenopolis/GO'], ['Campinas/SP'], ['Sao Miguel Arcanho/SP'], ['Araraquara/SP'], ['Mogi Guacu/SP']]
